{"0": [275000.0], "1": [355000.0], "2": [471666.6666666666], "3": [215000.0], "4": [190000.00000000003], "5": [169999.99999999997], "6": [180000.0], "7": [141666.66666666666], "8": [268333.3333333333], "9": [103333.33333333333], "10": [100000.0]}