{"0": [162.943105864707, 161.38239157899272, 161.54905824565938, 161.38239157899272, 161.41687433761342], "1": [213.41264425762571, 213.41264425762571, 213.7786748534389, 213.41264425762571, 217.55780025105756], "2": [189.85020095298114, 189.90214900492919, 189.92162952440972, 189.85020095298114, 192.91317303836698], "3": [227.20803012604347, 227.20803012604347, 227.51353277154612, 227.20803012604347, 227.20803012604347], "4": [174.10248630313868, 178.18203175768414, 174.44962916028155, 177.39928117493355, 174.10248630313868], "5": [199.71008956963223, 199.78801164755433, 199.83554411508678, 199.71008956963223, 202.62794671248938], "6": [143.07871894027426, 145.38553712209244, 143.07871894027426, 145.37038560694094, 143.07871894027426], "7": [208.79432632107586, 208.79432632107586, 208.79432632107586, 208.79432632107586, 208.93225735555862], "8": [215.28401139129028, 212.65067805795695, 221.88907337733423, 212.65067805795695, 212.65067805795695], "9": [172.6463830180187, 172.6463830180187, 172.8251126016396, 172.6463830180187, 172.6463830180187], "10": [194.1284848423676, 194.18043289431566, 194.35398748787023, 194.1284848423676, 194.1284848423676], "11": [209.2014017554327, 205.05919396322497, 204.9942588982899, 204.9942588982899, 208.88346251076933], "12": [223.0420104010781, 219.73010563917336, 219.73010563917336, 219.73010563917336, 219.9025194322768], "13": [199.17270711048175, 199.23764217541682, 200.35275723579505, 203.47783531560995, 199.17270711048175], "14": [315.9612898840624, 311.66875741652984, 325.76310574065303, 410.56486131263375, 311.56486131263375], "15": [204.78363557527857, 201.99673081337383, 202.11437787219734, 201.99673081337383, 201.99673081337383], "16": [180.1721971542637, 177.79203842410496, 177.79203842410496, 177.79203842410496, 180.8538610842035], "17": [235.65517511279558, 236.46296732058786, 231.9835090550682, 231.6766036842242, 231.6766036842242], "18": [215.28768248206998, 215.28768248206998, 215.45448988519317, 215.28768248206998, 217.96621285973828], "19": [220.39593790743103, 220.68814569963882, 220.92849024237464, 220.5497840612772, 220.39593790743103], "20": [439.5564742620223, 340.55647426202233, 341.2464757420239, 346.57423982978787, 340.55647426202233], "21": [220.76258677884837, 220.8575001987618, 217.82380371006536, 222.30617652243816, 217.66972963599127], "22": [205.8138596575392, 203.2063199749995, 203.2063199749995, 203.2063199749995, 203.2063199749995], "23": [195.18189782061566, 197.8277852665031, 195.6211460723639, 195.18189782061566, 195.18189782061566], "24": [157.69447488650405, 157.69447488650405, 157.8284034579326, 157.69447488650405, 157.69447488650405], "25": [213.63852208410265, 213.63852208410265, 213.92892749189934, 213.63852208410265, 213.81093587720608], "26": [198.47071962513593, 196.53698946640577, 196.7112318906482, 196.53698946640577, 200.1821454598376], "27": [207.56675732185417, 207.7453287504256, 207.95272223413488, 207.72060347570033, 212.07743055666532], "28": [203.63286832088156, 203.6718293598426, 204.18937625738948, 203.63286832088156, 203.63286832088156], "29": [186.32951767556216, 184.56003715608165, 185.0776129136574, 187.96440778545227, 187.51276890708928], "30": [266.5412885724158, 262.5465916027189, 262.54009809622534, 262.4686695247968, 268.18049218489534], "31": [226.44150433952348, 230.8041666771858, 226.72342741644658, 230.85615635417545, 226.44150433952348], "32": [205.0788705145858, 205.0788705145858, 205.11733205304733, 205.0788705145858, 205.0788705145858], "33": [129.00920193755815, 130.33755691591313, 129.00920193755815, 129.00920193755815, 129.00920193755815], "34": [133.8961589745922, 136.11022823866148, 133.8961589745922, 133.8961589745922, 133.8961589745922], "35": [178.9146381606726, 178.9146381606726, 178.9146381606726, 178.9146381606726, 178.9146381606726], "36": [197.09304934834557, 197.09304934834557, 197.25267971797595, 197.09304934834557, 197.09304934834557], "37": [149.96242153962737, 149.96242153962737, 150.05828210607615, 149.96242153962737, 151.97194534915118], "38": [211.7319484680049, 211.7319484680049, 211.9390696801261, 211.7319484680049, 214.2771455123399], "39": [274.93806529969424, 275.0030003646293, 276.1036741748232, 274.93806529969424, 274.93806529969424], "40": [185.69745035781736, 183.45437676474373, 184.02533324787416, 183.4284027387697, 183.4284027387697], "41": [213.56950771810673, 213.74807914667818, 214.21038919530397, 213.60796925656828, 217.73970476244168], "42": [155.9896607173931, 157.53071410844646, 153.8380734158058, 153.76664484437723, 153.76664484437723], "43": [227.5621716211752, 230.6153101493137, 228.35705628562508, 231.570413379417, 227.5621716211752], "44": [276.85465168431347, 273.32330247796426, 274.2093364439982, 279.2808116354734, 273.461233512447], "45": [173.54480287387554, 176.83949984357253, 173.69315452222725, 176.05231203138473, 173.54480287387554], "46": [152.553275237712, 152.95147148590826, 150.53025936469612, 150.53025936469612, 150.53025936469612], "47": [112.41418008183138, 112.41418008183138, 112.41418008183138, 112.41418008183138, 112.41418008183138], "48": [169.53577960380346, 169.53577960380346, 169.916044154068, 169.53577960380346, 169.53577960380346], "49": [181.39144753797322, 181.39144753797322, 181.47840405971237, 181.39144753797322, 181.39144753797322], "50": [213.665285485205, 210.8684240133435, 210.67361881853833, 210.9428495877691, 210.67361881853833], "51": [202.86741107647873, 202.86741107647873, 203.74418126281415, 202.86741107647873, 203.0743076282029], "52": [209.44743827502782, 209.44743827502782, 209.68673652064186, 209.44743827502782, 211.74862875121832], "53": [408.0450476939057, 507.0450476939057, 409.2360917813972, 408.0450476939057, 414.96524473824053], "54": [150.3296485497258, 153.0386312337085, 150.4546485497258, 153.44311008818732, 150.3296485497258], "55": [209.25307384392843, 209.25307384392843, 209.3727042135588, 211.47724966810424, 209.25307384392843], "56": [258.9208376193173, 259.1643441128238, 258.9208376193173, 259.03622223470194, 258.9208376193173], "57": [171.32838919482157, 169.21370665513905, 169.53876112137, 172.94575793719034, 169.21370665513905], "58": [178.8867035455521, 181.46852172737033, 179.10961376227038, 178.8867035455521, 178.8867035455521], "59": [154.16703813539797, 154.16703813539797, 154.34503671089652, 154.16703813539797, 154.16703813539797], "60": [181.19976230071185, 185.15073632668583, 181.40025249679027, 184.4414289673785, 181.33769333519461], "61": [187.58210102540042, 187.58210102540042, 187.58210102540042, 187.58210102540042, 191.01063140306874], "62": [240.85123903902885, 240.85123903902885, 241.02636220046776, 240.85123903902885, 240.85123903902885], "63": [149.41803715966597, 149.41803715966597, 149.7208943025231, 152.5763704929993, 149.41803715966597], "64": [139.22228566040928, 139.26124669937033, 139.22228566040928, 139.22228566040928, 141.95192441246184], "65": [263.7879169142031, 268.57644505273123, 263.97021870448447, 263.7879169142031, 362.7879169142031], "66": [157.98960663514293, 157.98960663514293, 158.13331033884666, 157.98960663514293, 157.98960663514293], "67": [226.93698115520178, 231.21165647987712, 238.55211708312277, 226.93698115520178, 226.93698115520178], "68": [217.09728509035963, 214.40760255067707, 214.52035387342838, 214.40760255067707, 214.40760255067707], "69": [167.6582622029738, 167.6582622029738, 168.0136468183584, 171.3229142176258, 170.25107829492782], "70": [187.25728476064307, 187.25728476064307, 195.71358577804247, 187.25728476064307, 187.25728476064307], "71": [236.42010614964138, 236.42010614964138, 248.64520035533894, 236.42010614964138, 236.42010614964138], "72": [196.7470264910284, 196.7470264910284, 196.93743189882508, 201.1219349159368, 196.7470264910284], "73": [171.85182646308914, 171.9037745150372, 171.95896932023203, 171.85182646308914, 174.68869017409082], "74": [221.342036910572, 218.47537024390533, 218.40394167247672, 218.51932628786136, 218.40394167247672],