{"0": [196.74906671085944, 231.46236088116828, 237.27734383238024, 321.5205725492258, 307.06003201225536], "1": [414.2790565963495, 478.8181375528221, 462.75932563850114, 419.869011523716, 393.2853342013737], "2": [277.54656185319425, 318.1302229208432, 327.8726642157963, 288.9113624531867, 262.68405580939606], "3": [280.4476320771467, 353.77305635216607, 358.9074476163396, 418.1618176855881, 347.1323916672579], "4": [209.63213614525833, 227.25735040003684, 194.9580801328424, 220.93569955161666, 172.011785686009], "5": [267.5320319014151, 342.84478936401257, 327.4231596624769, 288.8869882857653, 300.0255197958963], "6": [177.0709982404438, 175.43076392387812, 178.0287019770373, 157.9964834985164, 173.29893857412014], "7": [241.4125976929489, 250.09906489192798, 341.5367185090983, 325.68345582818694, 321.8326032814368], "8": [307.5852994837985, 328.47001742748625, 553.5542396429098, 374.56461190791606, 291.22813800926554], "9": [193.22332735551944, 253.1678136758922, 251.24673773777798, 199.89113824459363, 217.61534598711742], "10": [270.40151173574554, 473.8668045284076, 330.64274698377824, 312.5943024588071, 271.2018859559607], "11": [287.3088567750583, 317.0916723146654, 323.017487665932, 374.3304982741593, 470.9479084584631], "12": [339.69990765719496, 366.0992409913853, 348.67109157949466, 375.4854279995591, 420.71049669372024], "13": [269.71113357350004, 382.17585745633755, 390.46487813480155, 353.5743970212819, 308.1928847200309], "14": [559.596252843784, 605.869873456077, 788.0071251758209, 777.6195420043148, 880.5947602010809], "15": [298.8195887831356, 294.7318647857621, 293.8536361490431, 284.28730574760186, 232.47161459997204], "16": [195.98579172701557, 213.99356276329732, 212.04836585264414, 226.24614016603886, 224.39232502239815], "17": [400.15238559925825, 475.0391488765146, 442.7223016023002, 469.2110667365044, 425.8952719787375], "18": [293.43550082807064, 327.20513386769034, 371.98434012970046, 316.90573939425536, 361.73978186080797], "19": [311.11089615016584, 348.48824957358397, 339.99959505578704, 383.6499415544597, 357.8593517985184], "20": [578.8788903394965, 536.9017907449316, 626.8272358492553, 727.7315979129645, 788.6749520036423], "21": [316.31163739519394, 357.65071702862764, 424.95948350227184, 386.07283567332297, 396.9396523374074], "22": [276.5027669969029, 278.77424894166967, 297.4433463591748, 306.03766752747896, 265.6299356770528], "23": [246.44081780473886, 343.07578944113544, 339.32485868392814, 311.9467155727451, 419.99203927401015], "24": [226.31789529384181, 231.5727922567799, 256.575673854956, 229.7664953237495, 253.69710504341103], "25": [347.91843100548357, 354.5740303710352, 318.28687410150326, 332.73010539469794, 334.8040722363574], "26": [251.0067138163594, 285.51344392834056, 320.2357646358861, 330.66965285230845, 316.680252544909], "27": [252.16878658900103, 330.21100341900495, 324.13908817465244, 370.7948973760864, 465.52140849522175], "28": [371.366460624657, 339.39720515249036, 277.60428782794287, 291.60816480532424, 288.38019817574104], "29": [224.11279839089565, 362.2145094058658, 332.2921134557617, 338.64917795145465, 302.350958033419], "30": [264.0591350821885, 301.2110931058298, 310.40945798943557, 327.16057963897373, 316.19248942173255], "31": [348.57749932295815, 536.2465539420067, 412.23594957629564, 425.80143081425393, 323.4499837642201], "32": [295.46128534327096, 340.0542108134587, 335.4317818764407, 350.7776508932132, 355.45461132069534], "33": [117.5006516040355, 132.91470857005663, 108.19255909209471, 127.2386606204253, 106.7254329004329], "34": [169.83064407481498, 202.71372464639606, 200.92049930212883, 164.2917477615687, 159.50322837928076], "35": [256.98956945711694, 326.54158021476746, 193.69221580626146, 232.2779233041304, 247.65446762056996], "36": [258.60877392853433, 312.96746501367954, 292.67847099430975, 272.6649589615236, 304.1345563770332], "37": [225.0283191118375, 149.46529366527386, 149.01759479156692, 154.9112855275996, 178.62310579670253], "38": [244.57455737036804, 231.3659768479395, 284.3829775847569, 355.0142518780407, 267.28413033605693], "39": [538.5845180623659, 366.98065280277626, 416.24482811077934, 349.0816086383292, 518.4146679243381], "40": [242.7603631715001, 285.2488964432709, 322.6851652509856, 248.62253495839886, 304.70570606127797], "41": [281.50602038543155, 373.9794295739586, 324.144671868151, 386.76036965413897, 275.89024060313335], "42": [199.39192623627505, 178.36268018673888, 185.40289148668828, 192.48946017538694, 224.17365979411986], "43": [326.3518443053102, 406.5267400425185, 309.16642769780975, 296.6150487886506, 281.131702579177], "44": [418.58031585923646, 357.78131212862917, 528.8542657754599, 489.6448469798449, 480.6838462396403], "45": [214.56197605371753, 256.7897714303939, 289.29414945241194, 263.5284369889217, 258.9631606130376], "46": [191.74169406373548, 198.80076376448199, 225.7776138606584, 226.39527481724153, 206.50046601705975], "47": [107.19921250541407, 515.1737234987235, 125.83174763832659, 202.42136752136756, 198.28571428571428], "48": [188.69820273931677, 230.09345676681627, 229.9187417387108, 201.3293703046553, 204.79492561102467], "49": [258.78421501098745, 236.78413266640703, 222.85256686826241, 229.38329083172601, 243.64578928055687], "50": [247.12972139464117, 242.38776713200104, 230.55131346707526, 266.19825798148395, 257.62399885889914], "51": [212.82669240460393, 251.77376235846233, 175.7715971816746, 170.34934583193737, 210.66609928449677], "52": [203.0635211263601, 267.1708932108376, 223.37660391330343, 237.1119099803593, 220.56697302138684], "53": [425.0709661306944, 488.65589400573174, 370.5446958469351, 328.8453681642886, 387.92454004214045], "54": [196.50165572858197, 175.50784103014146, 217.12912756555525, 256.1228836110944, 218.01100881402738], "55": [169.2511527909525, 146.3091411617179, 210.42847939097936, 167.09376057550978, 167.06506882587732], "56": [324.66480726545024, 246.89894601426923, 266.8518746365365, 279.35701401469913, 250.48463832328542], "57": [212.98242808936143, 161.83880742565935, 176.74350214732013, 164.41466099951256, 182.22372749369654], "58": [211.8601609376959, 167.98948615836008, 203.02012601765972, 220.2238316386654, 173.36495619533542], "59": [145.00883295210826, 143.0728329533047, 201.36194520639927, 189.45629577394286, 176.64564664307167], "60": [127.03212380232344, 170.48645941454606, 173.900611585863, 168.57627490739617, 205.9945667276252], "61": [250.5654854142005, 235.38770332903823, 225.47127609014177, 177.3693239908713, 201.03248543726804], "62": [162.9007380529431, 310.19027916527915, 282.6725005118439, 246.8964199675628, 221.48277041156297], "63": [159.20637545356885, 144.26008801741773, 198.10730056980057, 132.45449126610117, 135.0168678071155], "64": [143.67998396851064, 132.85426964254935, 210.0659631218455, 200.99808284852406, 149.26268443223518], "65": [265.16988390865777, 221.0168753298963, 298.4096667479781, 390.74676119505, 458.5686798608446], "66": [127.87498991803896, 217.39897668744916, 208.00554898318057, 212.6836221784751, 211.55828338328337], "67": [256.6385735660349, 243.30212716677886, 254.28650608129874, 250.99615160837126, 243.44263946407906], "68": [353.430376683956, 219.641600575599, 277.86261833132545, 301.4139572415888, 239.47525788624858], "69": [213.43256627454667, 218.67839937839935, 222.0880515683147, 221.14878618113914, 212.79642050759696], "70": [205.54433701793448, 237.27319624819629, 218.46599733599737, 217.91540485658132, 220.18829391197036], "71": [167.52718849428905, 241.5858115697512, 223.40886053265655, 217.03565562666043, 205.7219809988773], "72": [223.7353159561402, 247.9632357408673, 231.25519178104312, 256.75652624178935, 282.3090623815469], "73": [124.49912891974208, 217.311824548001, 221.35074355103552, 227.16183364410077, 238.81260277091476], "74": [141.5702123927508, 237.53239214891394, 245.3006897900861, 240.58791171848452, 226.13240147741647],